circuit,model,p,regime,method,ideal,mu,sd,ci_lo,ci_hi,err,err_noisy,impr
bell,depolar,0.001,low,richardson,1.0,0.9990885416666658,0.006087848816437907,0.9963541666666661,1.0023437499999992,0.0009114583333341697,0.0006510416666666297,-0.26041666666754004
bell,depolar,0.001,low,linear,1.0,0.9998263888888891,0.003349052382614601,0.9980902777777781,1.0015625000000001,0.0001736111111109162,0.0006510416666666297,0.47743055555571345
bell,depolar,0.002333,low,richardson,1.0,0.9957031249999991,0.009912951203476005,0.9906249999999992,1.0005208333333324,0.004296875000000866,0.002213541666666652,-0.9411764705886395
bell,depolar,0.002333,low,linear,1.0,1.000043402777778,0.004636993203606701,0.9976128472222227,1.0023437500000005,4.340277777803436e-05,0.002213541666666652,0.980392156862629
bell,depolar,0.003667,low,richardson,1.0,1.003645833333332,0.019607490087584493,0.9943977864583321,1.0135416666666655,0.003645833333332016,0.003776041666666674,0.03448275862104045
bell,depolar,0.003667,low,linear,1.0,0.9993923611111115,0.006002150664257808,0.9963975694444448,1.0022569444444447,0.0006076388888884843,0.003776041666666674,0.8390804597702224
bell,depolar,0.005,low,richardson,1.0,0.9981770833333322,0.0226030565683637,0.986718749999999,1.0093749999999992,0.0018229166666677843,0.00455729166666663,0.5999999999997515
bell,depolar,0.005,low,linear,1.0,0.9995659722222227,0.007587421313684865,0.9958322482638889,1.0032128906250006,0.000434027777777346,0.00455729166666663,0.9047619047619987
bell,depolar,0.006333,low,richardson,1.0,0.9950520833333328,0.02327271352632721,0.9848958333333324,1.0076822916666663,0.0049479166666671626,0.0067708333333332815,0.2692307692306904
bell,depolar,0.006333,low,linear,1.0,0.9964409722222226,0.005851492898039111,0.9934895833333337,0.9992198350694451,0.0035590277777773904,0.0067708333333332815,0.4743589743590275
bell,depolar,0.007667,low,richardson,1.0,1.0098958333333328,0.033870188516435557,0.9925781249999995,1.0260449218749996,0.00989583333333277,0.007942708333333326,-0.24590163934419262
bell,depolar,0.007667,low,linear,1.0,0.9975694444444447,0.007367485693090035,0.9938357204861116,1.0013020833333337,0.0024305555555552694,0.007942708333333326,0.6939890710382871
bell,depolar,0.009,low,richardson,1.0,1.003776041666666,0.0321364085138669,0.9885416666666662,1.0204459635416663,0.003776041666665897,0.00911458333333337,0.5857142857143719
bell,depolar,0.009,low,linear,1.0,0.9991753472222226,0.006666813601534764,0.9957465277777783,1.0023871527777783,0.0008246527777774348,0.00911458333333337,0.9095238095238475
bell,depolar,0.012,mid,richardson,1.0,0.9973958333333326,0.044318678190409966,0.977213541666666,1.019921874999999,0.002604166666667407,0.011197916666666696,0.7674418604650508
bell,depolar,0.012,mid,linear,1.0,1.0020833333333339,0.00810784335335807,0.997960069444445,1.0064670138888894,0.002083333333333881,0.011197916666666696,0.8139534883720446
bell,depolar,0.018,mid,richardson,1.0,1.0071614583333326,0.057946365755355916,0.9786393229166661,1.036331380208333,0.007161458333332593,0.01666666666666672,0.5703125000000457
bell,depolar,0.018,mid,linear,1.0,0.9990017361111114,0.011653140669011746,0.9931857638888894,1.0046440972222224,0.000998263888888573,0.01666666666666672,0.9401041666666858
bell,depolar,0.024,mid,richardson,1.0,1.026953124999999,0.08643675998417892,0.9838509114583325,1.0684895833333323,0.026953124999999023,0.02473958333333337,-0.0894736842104852
bell,depolar,0.024,mid,linear,1.0,1.007508680555556,0.012218941913020353,1.0012141927083338,1.013585069444445,0.00750868055555598,0.02473958333333337,0.6964912280701587
bell,depolar,0.03,mid,richardson,1.0,1.002213541666666,0.09543267128328686,0.9539029947916661,1.051315104166666,0.0022135416666659857,0.027083333333333348,0.9182692307692559
bell,depolar,0.03,mid,linear,1.0,1.0002604166666669,0.017400887593268518,0.9911892361111116,1.0087282986111117,0.0002604166666668739,0.027083333333333348,0.9903846153846078
bell,depolar,0.036,mid,richardson,1.0,1.024218749999999,0.11553038428920119,0.9650846354166657,1.0824218749999992,0.024218749999999067,0.03997395833333328,0.3941368078176121
bell,depolar,0.036,mid,linear,1.0,0.9918402777777781,0.02346986898028568,0.9805121527777783,1.0043836805555557,0.008159722222221943,0.03997395833333328,0.7958740499457179
bell,depolar,0.042,mid,richardson,1.0,0.9843749999999996,0.1347118325613284,0.9154915364583325,1.0556184895833334,0.015625000000000444,0.042838541666666674,0.6352583586626037
bell,depolar,0.042,mid,linear,1.0,0.993793402777778,0.02861510610003272,0.9790353732638892,1.0079437934027784,0.0062065972222220545,0.042838541666666674,0.8551165146909867
bell,depolar,0.048,mid,richardson,1.0,0.9988281249999993,0.12330763540518838,0.9377473958333326,1.0605533854166662,0.0011718750000007105,0.04752604166666663,0.9753424657534097
bell,depolar,0.048,mid,linear,1.0,0.999262152777778,0.02391355202469691,0.9878472222222227,1.0116319444444448,0.0007378472222220323,0.04752604166666663,0.9844748858447528
bell,depolar,0.06,high,richardson,1.0,1.0919270833333328,0.1350370279402307,1.021604817708333,1.1522167968749997,0.09192708333333277,0.0658854166666667,-0.39525691699603827
bell,depolar,0.06,high,linear,1.0,0.9845920138888893,0.026927917235815925,0.9710915798611113,0.9986566840277781,0.015407986111110716,0.0658854166666667,0.7661396574440114
bell,depolar,0.075,high,richardson,1.0,1.0795572916666663,0.21751238752339783,0.9665234374999991,1.1874283854166663,0.07955729166666625,0.0795572916666667,5.582005125447594e-15
bell,depolar,0.075,high,linear,1.0,0.9823350694444449,0.026659200117532374,0.9680121527777784,0.9959255642361114,0.01766493055555507,0.0795572916666667,0.777959629023465
bell,depolar,0.09,high,richardson,1.0,1.013802083333333,0.21987187517519366,0.8965983072916659,1.1240983072916666,0.013802083333332993,0.0884114583333333,0.8438880706921982
bell,depolar,0.09,high,linear,1.0,0.9795138888888894,0.02802744246888133,0.9655381944444449,0.9950531684027781,0.02048611111111065,0.0884114583333333,0.7682866961217528
bell,depolar,0.105,high,richardson,1.0,1.033854166666666,0.26723115302918193,0.8923144531249988,1.1670703124999997,0.033854166666666075,0.10377604166666665,0.6737766624843219
bell,depolar,0.105,high,linear,1.0,0.9884114583333337,0.033216483560012736,0.9713530815972222,1.004471571180556,0.011588541666666341,0.10377604166666665,0.888331242158096
bell,depolar,0.12,high,richardson,1.0,1.0334635416666662,0.28010006766478385,0.8904850260416657,1.166162109375,0.03346354166666621,0.12239583333333337,0.7265957446808549
bell,depolar,0.12,high,linear,1.0,0.9702690972222224,0.04205256591813384,0.9489127604166668,0.9909288194444446,0.029730902777777568,0.12239583333333337,0.7570921985815621
bell,depolar,0.135,high,richardson,1.0,0.9841145833333329,0.32354415470107517,0.8128873697916658,1.1402701822916665,0.015885416666667096,0.134765625,0.8821256038647312
bell,depolar,0.135,high,linear,1.0,0.956553819444445,0.03300078483929819,0.940928819444445,0.9739605034722227,0.04344618055555505,0.134765625,0.6776167471819683
bell,depolar,0.15,high,richardson,1.0,0.9029947916666659,0.3425491473475376,0.738665364583332,1.0793033854166663,0.09700520833333415,0.14726562499999996,0.34129089301502524
bell,depolar,0.15,high,linear,1.0,0.9631076388888892,0.06687676560890381,0.9279937065972226,0.9966156684027779,0.03689236111111083,0.14726562499999996,0.7494842322428548
bell,combined,0.001,low,richardson,1.0,0.9244791666666657,0.03170780120282767,0.9085904947916658,0.9408854166666656,0.07552083333333426,0.07343750000000004,-0.02836879432625311
bell,combined,0.001,low,linear,1.0,0.9265625000000005,0.01389471991312236,0.9196169704861117,0.9334223090277786,0.07343749999999949,0.07343750000000004,7.558965274043614e-15
bell,combined,0.002333,low,richardson,1.0,0.901953124999999,0.05403347757843079,0.8779947916666657,0.9309993489583323,0.09804687500000098,0.08216145833333333,-0.19334389857370454
bell,combined,0.002333,low,linear,1.0,0.9138020833333336,0.02423624480124694,0.9011273871527782,0.9255240885416673,0.08619791666666643,0.08216145833333333,-0.04912836767036171
bell,combined,0.003667,low,richardson,1.0,0.9463541666666656,0.05069537343374485,0.9222623697916658,0.9712239583333326,0.05364583333333439,0.08216145833333333,0.34706814580030404
bell,combined,0.003667,low,linear,1.0,0.9228298611111114,0.020160391717267648,0.9127571614583337,0.9334223090277782,0.07717013888888857,0.08216145833333333,0.06075013206550825
bell,combined,0.005,low,richardson,1.0,0.929296874999999,0.04373255790705306,0.9059895833333325,0.9511718749999989,0.07070312500000098,0.08307291666666672,0.14890282131660318
bell,combined,0.005,low,linear,1.0,0.9251736111111115,0.01798645883270693,0.9161892361111117,0.9345486111111115,0.07482638888888848,0.08307291666666672,0.09926854754441504
bell,combined,0.006333,low,richardson,1.0,0.9253906249999992,0.05649991501883378,0.8996028645833328,0.9563867187499996,0.07460937500000075,0.08177083333333335,0.08757961783438584
bell,combined,0.006333,low,linear,1.0,0.9192274305555562,0.017161614205019136,0.9105468750000008,0.9278645833333338,0.08077256944444378,0.08177083333333335,0.012208067940560372
bell,combined,0.007667,low,richardson,1.0,0.9160156249999996,0.0678046690466908,0.8804654947916662,0.9486979166666657,0.08398437500000044,0.08763020833333335,0.04160475482911842
bell,combined,0.007667,low,linear,1.0,0.9285156250000005,0.02642320331576829,0.9150173611111115,0.9415364583333335,0.07148437499999949,0.08763020833333335,0.18424962852898072
bell,combined,0.009,low,richardson,1.0,0.9319010416666658,0.06297373627555784,0.899208984374999,0.9626302083333326,0.06809895833333424,0.08307291666666672,0.1802507836990492
bell,combined,0.009,low,linear,1.0,0.9200086805555558,0.01633559705944601,0.911414930555556,0.9283854166666669,0.07999131944444415,0.08307291666666672,0.037095088819230855
bell,combined,0.012,mid,richardson,1.0,0.9093749999999993,0.06886088359193879,0.8736946614583323,0.9428417968749992,0.09062500000000073,0.08710937500000004,-0.040358744394626715
bell,combined,0.012,mid,linear,1.0,0.9296875000000003,0.01956882958777004,0.9204427083333336,0.9397569444444447,0.07031249999999967,0.08710937500000004,0.19282511210762757
bell,combined,0.018,mid,richardson,1.0,0.9570312499999997,0.07842715008907189,0.9166601562499993,0.9962239583333331,0.04296875000000033,0.09296875000000004,0.5378151260504168
bell,combined,0.018,mid,linear,1.0,0.9085937500000004,0.01236362236507199,0.9027766927083339,0.9146278211805561,0.09140624999999958,0.09296875000000004,0.01680672268908064
bell,combined,0.024,mid,richardson,1.0,0.9489583333333325,0.0683346929647515,0.9105371093749989,0.9826822916666662,0.05104166666666754,0.1020833333333333,0.4999999999999913
bell,combined,0.024,mid,linear,1.0,0.9279513888888893,0.01663861209424747,0.919920789930556,0.9364181857638892,0.07204861111111072,0.1020833333333333,0.2942176870748336
bell,combined,0.03,mid,richardson,1.0,0.9429687499999996,0.07785500219759492,0.9055891927083328,0.9864648437499997,0.05703125000000042,0.09661458333333328,0.409703504043122
bell,combined,0.03,mid,linear,1.0,0.9222222222222226,0.018904687594864338,0.912803819444445,0.931988932291667,0.07777777777777739,0.09661458333333328,0.19496855345912306
bell,combined,0.036,mid,richardson,1.0,0.9414062499999996,0.10191495334269574,0.8903645833333325,0.9938834635416666,0.058593750000000444,0.11106770833333335,0.4724501758499375
bell,combined,0.036,mid,linear,1.0,0.9245659722222226,0.02603175447931272,0.9119346788194447,0.9377615017361113,0.07543402777777741,0.11106770833333335,0.32082844861274273
bell,combined,0.042,mid,richardson,1.0,0.9640624999999993,0.15594990713417042,0.8783756510416658,1.040501302083333,0.03593750000000073,0.11250000000000004,0.6805555555555491
bell,combined,0.042,mid,linear,1.0,0.923914930555556,0.021995661075400876,0.9127571614583335,0.9342881944444448,0.07608506944444404,0.11250000000000004,0.3236882716049421
bell,combined,0.048,mid,richardson,1.0,0.8432291666666657,0.1157693414459841,0.7919238281249993,0.9046907552083326,0.1567708333333343,0.1235677083333333,-0.2687038988408933
bell,combined,0.048,mid,linear,1.0,0.9089843750000006,0.022262959757636418,0.8974381510416671,0.9202256944444448,0.09101562499999938,0.1235677083333333,0.2634351949420491
bell,combined,0.06,high,richardson,1.0,0.8639322916666657,0.17647384773518693,0.774999999999999,0.9553450520833324,0.13606770833333426,0.13802083333333337,0.014150943396219976
bell,combined,0.06,high,linear,1.0,0.9332031250000004,0.0198082213293823,0.9233930121527784,0.943534071180556,0.06679687499999964,0.13802083333333337,0.5160377358490593
bell,combined,0.075,high,richardson,1.0,0.9434895833333329,0.21103208077624996,0.8335807291666659,1.048567708333333,0.05651041666666712,0.14739583333333328,0.6166077738515869
bell,combined,0.075,high,linear,1.0,0.9036458333333337,0.04173713658843711,0.8809884982638893,0.9244368489583336,0.0963541666666663,0.14739583333333328,0.346289752650179
bell,combined,0.09,high,richardson,1.0,1.03203125,0.17507642258022574,0.9372233072916666,1.111591796875,0.032031249999999956,0.16315104166666672,0.8036711891460498
bell,combined,0.09,high,linear,1.0,0.8916232638888894,0.0436303927485502,0.8699175347222229,0.9136773003472226,0.10837673611111065,0.16315104166666672,0.3357275871242382
bell,combined,0.105,high,richardson,1.0,0.9701822916666664,0.21030657314787315,0.8617122395833327,1.0790397135416667,0.029817708333333637,0.17317708333333337,0.8278195488721788
bell,combined,0.105,high,linear,1.0,0.892230902777778,0.033340170830124215,0.8743023003472223,0.9078569878472224,0.10776909722222205,0.17317708333333337,0.3776942355889735
bell,combined,0.12,high,richardson,1.0,0.9350260416666661,0.3160777186712977,0.7674381510416656,1.0921874999999999,0.06497395833333386,0.185546875,0.649824561403506
bell,combined,0.12,high,linear,1.0,0.9233940972222225,0.048455853253308596,0.8987391493055558,0.948914930555556,0.07660590277777746,0.185546875,0.5871345029239783
bell,combined,0.135,high,richardson,1.0,0.9382812499999997,0.32970909783126884,0.7809440104166662,1.1042024739583334,0.061718750000000266,0.20299479166666667,0.6959589480436164
bell,combined,0.135,high,linear,1.0,0.9171875000000003,0.03922002381913918,0.8980392795138891,0.9384548611111115,0.08281249999999973,0.20299479166666667,0.5920461834509314
bell,combined,0.15,high,richardson,1.0,0.8638020833333329,0.32890645618890446,0.6998632812499989,1.0251302083333333,0.13619791666666714,0.21562499999999996,0.368357487922703
bell,combined,0.15,high,linear,1.0,0.900217013888889,0.05090044919213422,0.872916666666667,0.9257389322916668,0.09978298611111103,0.21562499999999996,0.5372383252818038
ghz,depolar,0.001,low,richardson,1.0,0.9994791666666659,0.014413774321494339,0.9928385416666657,1.0072916666666656,0.0005208333333340809,0.002083333333333326,0.7499999999996403
ghz,depolar,0.001,low,linear,1.0,1.0003472222222223,0.003898043076270426,0.998307291666667,1.0023437500000003,0.0003472222222222765,0.002083333333333326,0.8333333333333067
ghz,depolar,0.002333,low,richardson,1.0,1.0026041666666656,0.02742423670187692,0.9885416666666652,1.016406249999999,0.0026041666666656305,0.005989583333333326,0.5652173913045203
ghz,depolar,0.002333,low,linear,1.0,0.9992187500000005,0.005160369426285363,0.9966579861111116,1.0018663194444446,0.0007812499999995115,0.005989583333333326,0.8695652173913857
ghz,depolar,0.003667,low,richardson,1.0,1.0037760416666661,0.0373414254274177,0.986588541666666,1.023697916666666,0.003776041666666119,0.0078125,0.5166666666667368
ghz,depolar,0.003667,low,linear,1.0,1.001649305555556,0.0061802873303220965,0.9984798177083339,1.0046440972222228,0.00164930555555598,0.0078125,0.7888888888888346
ghz,depolar,0.005,low,richardson,1.0,1.013151041666666,0.025510201867205286,0.999996744791666,1.0253906249999993,0.01315104166666603,0.01432291666666663,0.08181818181822388
ghz,depolar,0.005,low,linear,1.0,1.000868055555556,0.010323111415268798,0.9953982204861117,1.0056857638888894,0.0008680555555560243,0.01432291666666663,0.9393939393939065
ghz,depolar,0.006333,low,richardson,1.0,1.0102864583333326,0.0438560532551444,0.9884016927083327,1.032164713541666,0.010286458333332638,0.01653645833333328,0.37795275590555194
ghz,depolar,0.006333,low,linear,1.0,0.9986111111111112,0.009582680696879568,0.9932703993055556,1.0032118055555557,0.001388888888888773,0.01653645833333328,0.9160104986876708
ghz,depolar,0.007667,low,richardson,1.0,1.0010416666666653,0.04860556919054456,0.977597656249999,1.0276041666666658,0.0010416666666652752,0.02057291666666672,0.9493670886076627
ghz,depolar,0.007667,low,linear,1.0,1.0010850694444449,0.013011425999827866,0.9945746527777782,1.0079003906250004,0.0010850694444448639,0.02057291666666672,0.9472573839662245
ghz,depolar,0.009,low,richardson,1.0,0.9886718749999996,0.06717992932153051,0.9571614583333331,1.0231901041666662,0.011328125000000355,0.02239583333333328,0.49418604651161085
ghz,depolar,0.009,low,linear,1.0,1.0098090277777783,0.013056519384856892,1.0030381944444449,1.016102430555556,0.009809027777778256,0.02239583333333328,0.5620155038759466
ghz,depolar,0.012,mid,richardson,1.0,0.9999999999999994,0.060427048766725874,0.9690104166666662,1.0293001302083329,5.551115123125783e-16,0.03125,0.9999999999999822
ghz,depolar,0.012,mid,linear,1.0,0.9954861111111115,0.014764856947331217,0.9885416666666669,1.0032562934027782,0.004513888888888484,0.03125,0.8555555555555685
ghz,depolar,0.018,mid,richardson,1.0,1.003385416666666,0.11563746296383322,0.9458333333333324,1.061985677083333,0.00338541666666603,0.04531249999999998,0.9252873563218531
ghz,depolar,0.018,mid,linear,1.0,0.9960069444444447,0.013620867703226973,0.9894531250000005,1.0029513888888892,0.003993055555555292,0.04531249999999998,0.9118773946360211
ghz,depolar,0.024,mid,richardson,1.0,1.0277343749999994,0.1646461592245505,0.9440071614583324,1.1085970052083334,0.027734374999999423,0.060546875,0.5419354838709772
ghz,depolar,0.024,mid,linear,1.0,0.9990451388888891,0.024070196029571594,0.9872384982638892,1.0112434895833335,0.0009548611111108718,0.060546875,0.9842293906810076
ghz,depolar,0.03,mid,richardson,1.0,1.0273437499999998,0.11895156618412525,0.9683496093749996,1.0884309895833333,0.027343749999999778,0.07799479166666667,0.6494156928213718
ghz,depolar,0.03,mid,linear,1.0,1.0003906250000003,0.02883342929596265,0.9859776475694446,1.0141937934027785,0.00039062500000031086,0.07799479166666667,0.994991652754587
ghz,depolar,0.036,mid,richardson,1.0,1.0186197916666662,0.1651961494561513,0.936197916666666,1.1041796875,0.018619791666666163,0.08190104166666667,0.7726550079491318
ghz,depolar,0.036,mid,linear,1.0,0.9868923611111114,0.03980619220530645,0.9677907986111115,1.0071636284722225,0.013107638888888551,0.08190104166666667,0.8399576046634911
ghz,depolar,0.042,mid,richardson,1.0,1.0579427083333328,0.21782223582876314,0.9520735677083325,1.173958333333333,0.057942708333332815,0.1029947916666667,0.4374209860935577
ghz,depolar,0.042,mid,linear,1.0,0.9993055555555558,0.031343417469587465,0.9835481770833334,1.015365668402778,0.0006944444444442199,0.1029947916666667,0.9932574799831458
ghz,depolar,0.048,mid,richardson,1.0,1.1549479166666667,0.18737472305011654,1.0613151041666666,1.2521028645833339,0.15494791666666674,0.11549479166666665,-0.34160090191657355
ghz,depolar,0.048,mid,linear,1.0,1.003125,0.040068216435423736,0.982768012152778,1.0228309461805558,0.0031250000000000444,0.11549479166666665,0.9729425028184889
ghz,depolar,0.06,high,richardson,1.0,0.9072916666666658,0.3064409901724964,0.7541536458333319,1.0589941406249994,0.09270833333333417,0.14557291666666672,0.3631484794275437
ghz,depolar,0.06,high,linear,1.0,0.9483072916666669,0.036218675352637744,0.931031901041667,0.967318793402778,0.05169270833333306,0.14557291666666672,0.6449016100178911
ghz,depolar,0.075,high,richardson,1.0,1.0385416666666665,0.3219908603505793,0.8704264322916659,1.1958496093750004,0.038541666666666474,0.17734375000000002,0.7826725403817926
ghz,depolar,0.075,high,linear,1.0,0.9854600694444449,0.04969608578957488,0.9582389322916671,1.009809027777778,0.014539930555555136,0.17734375000000002,0.9180127263827728
ghz,depolar,0.09,high,richardson,1.0,0.7846354166666659,0.34704817686594047,0.6019498697916652,0.9508268229166662,0.21536458333333408,0.21028645833333337,-0.024148606811148887
ghz,depolar,0.09,high,linear,1.0,0.9621527777777777,0.05405390378252078,0.9324218750000003,0.9893684895833335,0.037847222222222254,0.21028645833333337,0.8200206398348812
ghz,depolar,0.105,high,richardson,1.0,0.8690104166666662,0.37359046800222145,0.6805598958333323,1.0662923177083332,0.13098958333333377,0.2587239583333333,0.49370910920986233
ghz,depolar,0.105,high,linear,1.0,0.9597656250000003,0.057771624376020354,0.9311154513888891,0.9882823350694446,0.04023437499999971,0.2587239583333333,0.8444891796678421
ghz,depolar,0.12,high,richardson,1.0,0.8558593749999995,0.4817823759878536,0.5977864583333318,1.09349609375,0.14414062500000047,0.28007812499999996,0.4853556485355631
ghz,depolar,0.12,high,linear,1.0,0.9233940972222227,0.06977015090371885,0.8867610677083337,0.9574663628472225,0.07660590277777735,0.28007812499999996,0.7264838059817155
ghz,depolar,0.135,high,richardson,1.0,0.8253906249999993,0.512010293857093,0.5730468749999983,1.0845084635416669,0.17460937500000073,0.32734375000000004,0.4665871121718355
ghz,depolar,0.135,high,linear,1.0,0.9074218750000003,0.05669632279028171,0.8800336371527779,0.9359418402777782,0.09257812499999973,0.32734375000000004,0.7171837708830557
ghz,depolar,0.15,high,richardson,1.0,0.7838541666666659,0.5727432265879993,0.48800455729166536,1.069423828125,0.21614583333333415,0.3345052083333333,0.3538341767224576
ghz,depolar,0.15,high,linear,1.0,0.8848958333333333,0.07362710391160907,0.8493891059027778,0.9230479600694445,0.11510416666666667,0.3345052083333333,0.6558972362787077
ghz,combined,0.001,low,richardson,1.0,0.8882812499999996,0.0615991391076377,0.855983072916666,0.9177148437499998,0.11171875000000042,0.1294270833333333,0.13682092555331646
ghz,combined,0.001,low,linear,1.0,0.8824218750000004,0.018903093170791276,0.8729589843750003,0.891840277777778,0.11757812499999964,0.1294270833333333,0.09154929577465043
ghz,combined,0.002333,low,richardson,1.0,0.8710937499999996,0.06372497466326173,0.8423177083333326,0.9054752604166664,0.12890625000000044,0.12382812499999996,-0.04100946372240143
ghz,combined,0.002333,low,linear,1.0,0.8816406250000004,0.030121215076026542,0.8665766059027781,0.8964843750000002,0.1183593749999996,0.12382812499999996,0.04416403785489247
ghz,combined,0.003667,low,richardson,1.0,0.876432291666666,0.07137673570994743,0.8410156249999992,0.9152376302083329,0.12356770833333397,0.12591145833333328,0.01861427094104935
ghz,combined,0.003667,low,linear,1.0,0.8843315972222228,0.021346049157207416,0.8736523437500004,0.8941840277777781,0.11566840277777724,0.12591145833333328,0.08135125818683606
ghz,combined,0.005,low,richardson,1.0,0.8933593749999996,0.04389855730355318,0.8697884114583327,0.9147167968749998,0.10664062500000038,0.12617187500000004,0.15479876160990444
ghz,combined,0.005,low,linear,1.0,0.8910590277777783,0.023857713806096942,0.879427083333334,0.903213975694445,0.10894097222222165,0.12617187500000004,0.1365669074647451
ghz,combined,0.006333,low,richardson,1.0,0.853776041666666,0.06751474729590978,0.819654947916666,0.8878938802083325,0.14622395833333401,0.1313802083333333,-0.1129831516352879
ghz,combined,0.006333,low,linear,1.0,0.8825954861111114,0.028633664818656115,0.8683159722222226,0.8971365017361116,0.11740451388888862,0.1313802083333333,0.1063759497852678
ghz,combined,0.007667,low,richardson,1.0,0.9216145833333329,0.04486163684601205,0.8983072916666665,0.9442708333333328,0.0783854166666671,0.13515624999999998,0.4200385356454688
ghz,combined,0.007667,low,linear,1.0,0.8836805555555559,0.022609889641838604,0.8727419704861114,0.894357638888889,0.11631944444444409,0.13515624999999998,0.13937058445729217
ghz,combined,0.009,low,richardson,1.0,0.9126302083333326,0.06542032608196144,0.8811132812499992,0.9476562499999993,0.08736979166666736,0.13554687499999996,0.35542747358308785
ghz,combined,0.009,low,linear,1.0,0.8746527777777781,0.024660494317561753,0.862715928819445,0.8884147135416671,0.12534722222222194,0.13554687499999996,0.0752481588216476
ghz,combined,0.012,mid,richardson,1.0,0.8557291666666662,0.11506733715087485,0.7964485677083327,0.910940755208333,0.1442708333333338,0.14361979166666672,-0.0045330915684525155
ghz,combined,0.012,mid,linear,1.0,0.8968315972222225,0.03435532063300652,0.8792513020833336,0.9138020833333337,0.1031684027777775,0.14361979166666672,0.28165608945300913
ghz,combined,0.018,mid,richardson,1.0,0.8970052083333329,0.11270838146949086,0.8412727864583327,0.9531315104166664,0.10299479166666714,0.14882812499999998,0.3079615048118952
ghz,combined,0.018,mid,linear,1.0,0.8931423611111114,0.025925158938410967,0.879513888888889,0.9063400607638892,0.10685763888888855,0.14882812499999998,0.2820064158646857
ghz,combined,0.024,mid,richardson,1.0,0.8671874999999993,0.11964013287032606,0.8087239583333325,0.9276302083333328,0.13281250000000067,0.16953125000000002,0.21658986175114825
ghz,combined,0.024,mid,linear,1.0,0.8768663194444449,0.03521958244371516,0.8594607204861117,0.8938411458333337,0.12313368055555507,0.16953125000000002,0.27368151561700244
ghz,combined,0.03,mid,richardson,1.0,0.9256510416666663,0.1705298729086892,0.8404915364583327,1.0115983072916668,0.07434895833333366,0.18776041666666665,0.6040221914008305
ghz,combined,0.03,mid,linear,1.0,0.875824652777778,0.03839671817774264,0.8552940538194447,0.8959635416666671,0.12417534722222201,0.18776041666666665,0.3386500231160436
ghz,combined,0.036,mid,richardson,1.0,0.877473958333333,0.17434375575695604,0.7885319010416658,0.9660253906250001,0.12252604166666703,0.18541666666666667,0.33918539325842506
ghz,combined,0.036,mid,linear,1.0,0.8731336805555557,0.037406194965898004,0.855555555555556,0.8932313368055558,0.12686631944444426,0.18541666666666667,0.3157771535580534
ghz,combined,0.042,mid,richardson,1.0,0.8285156249999994,0.22851862978793808,0.7115852864583323,0.9402343749999997,0.17148437500000058,0.20677083333333335,0.1706549118387882
ghz,combined,0.042,mid,linear,1.0,0.8676649305555555,0.040883804005114585,0.8469140625000003,0.888976779513889,0.1323350694444445,0.20677083333333335,0.3599916036943742
ghz,combined,0.048,mid,richardson,1.0,0.9225260416666665,0.25468896450669676,0.7908789062499995,1.0427376302083333,0.07747395833333348,0.22929687499999996,0.6621237932992611
ghz,combined,0.048,mid,linear,1.0,0.8715277777777781,0.04565014950349408,0.8500857204861115,0.8954448784722228,0.12847222222222188,0.22929687499999996,0.4397122846867324
ghz,combined,0.06,high,richardson,1.0,0.9399739583333331,0.29175657793852705,0.7891601562499995,1.086871744791667,0.06002604166666692,0.26106770833333337,0.7700748129675801
ghz,combined,0.06,high,linear,1.0,0.8696614583333335,0.03798439916224077,0.8513009982638893,0.889410807291667,0.13033854166666647,0.26106770833333337,0.5007481296758113
ghz,combined,0.075,high,richardson,1.0,0.9066406250000001,0.3628050474309959,0.7199218749999993,1.0869889322916673,0.09335937499999991,0.2860677083333333,0.6736458807464727
ghz,combined,0.075,high,linear,1.0,0.850217013888889,0.051328331260038065,0.8256890190972221,0.8766927083333336,0.14978298611111096,0.2860677083333333,0.4764072219693526
ghz,combined,0.09,high,richardson,1.0,0.9722656250000001,0.391610865304092,0.7691276041666663,1.1715006510416677,0.027734374999999867,0.32291666666666663,0.9141129032258068
ghz,combined,0.09,high,linear,1.0,0.8217447916666668,0.0578034081627174,0.7939615885416667,0.8523003472222223,0.1782552083333332,0.32291666666666663,0.4479838709677423
ghz,combined,0.105,high,richardson,1.0,0.5933593749999988,0.30763151008323963,0.4455566406249985,0.7527441406249994,0.4066406250000012,0.3578125,-0.1364628820960733
ghz,combined,0.105,high,linear,1.0,0.8062065972222222,0.058109820009358756,0.7775130208333333,0.8360264756944447,0.1937934027777778,0.3578125,0.45839398350315375
ghz,combined,0.12,high,richardson,1.0,0.6121093749999991,0.4349031233795197,0.39700195312499836,0.8415885416666664,0.38789062500000093,0.3838541666666667,-0.010515603799188181
ghz,combined,0.12,high,linear,1.0,0.8067274305555557,0.06875808274421345,0.7707465277777781,0.8432725694444445,0.19327256944444426,0.3838541666666667,0.49649479873360525
ghz,combined,0.135,high,richardson,1.0,0.6825520833333327,0.43705152019442123,0.4671744791666654,0.9028808593749997,0.3174479166666673,0.4072916666666667,0.22058823529411625
ghz,combined,0.135,high,linear,1.0,0.8184027777777777,0.07018356662845913,0.7830729166666667,0.8529144965277777,0.1815972222222223,0.4072916666666667,0.5541346973572037
ghz,combined,0.15,high,richardson,1.0,0.8753906250000002,0.5074804603560914,0.6114290364583325,1.1130761718750004,0.1246093749999998,0.4380208333333333,0.7155172413793108
ghz,combined,0.15,high,linear,1.0,0.763845486111111,0.06282533717709679,0.7325065104166667,0.7953559027777778,0.23615451388888897,0.4380208333333333,0.4608600871977802
qft,depolar,0.001,low,richardson,1.0,1.0134114583333325,0.035935141075962324,0.9966145833333326,1.0334635416666658,0.01341145833333246,0.012499999999999956,-0.07291666666660061
qft,depolar,0.001,low,linear,1.0,0.9988715277777781,0.007298122555405519,0.9950954861111115,1.0025173611111113,0.001128472222221899,0.012499999999999956,0.9097222222222477
qft,depolar,0.002333,low,richardson,1.0,0.9824218749999992,0.04553197565768143,0.9592415364583319,1.0061230468749993,0.017578125000000777,0.032421875000000044,0.4578313253011816
qft,depolar,0.002333,low,linear,1.0,0.9966579861111116,0.013585554770350991,0.9902777777777783,1.0036892361111116,0.00334201388888844,0.032421875000000044,0.8969210174029592
qft,depolar,0.003667,low,richardson,1.0,1.0041666666666658,0.04944591810528265,0.9785156249999989,1.0291699218749997,0.004166666666665764,0.05182291666666672,0.9195979899497663
qft,depolar,0.003667,low,linear,1.0,0.990321180555556,0.01676246520294027,0.981727430555556,0.9990049913194449,0.009678819444444042,0.05182291666666672,0.8132328308207785
qft,depolar,0.005,low,richardson,1.0,0.9783854166666663,0.044420702208792455,0.9565071614583325,1.0016927083333327,0.02161458333333366,0.06861979166666665,0.6850094876660293
qft,depolar,0.005,low,linear,1.0,0.9920572916666671,0.020111743858504567,0.9823339843750005,1.002256944444445,0.007942708333332882,0.06861979166666665,0.8842504743833083
qft,depolar,0.006333,low,richardson,1.0,1.013932291666666,0.09468894674820708,0.9670572916666659,1.0639322916666665,0.013932291666665986,0.08281249999999996,0.8317610062893163
qft,depolar,0.006333,low,linear,1.0,0.989149305555556,0.020876239815653234,0.9792089843750006,1.0001736111111117,0.010850694444443976,0.08281249999999996,0.8689727463312424
qft,depolar,0.007667,low,richardson,1.0,1.0394531249999999,0.1042688301089628,0.9846256510416662,1.089453125,0.03945312499999987,0.10195312499999998,0.6130268199233728
qft,depolar,0.007667,low,linear,1.0,0.9803819444444447,0.03507970275913643,0.9627126736111116,0.998307291666667,0.01961805555555529,0.10195312499999998,0.8075776926351664
qft,depolar,0.009,low,richardson,1.0,1.002473958333333,0.059930356898248216,0.9753906249999997,1.036722005208333,0.0024739583333330817,0.11653645833333337,0.9787709497206726
qft,depolar,0.009,low,linear,1.0,0.9808159722222226,0.020599911233636897,0.9709179687500002,0.9910601128472226,0.01918402777777739,0.11653645833333337,0.8353817504655527
qft,depolar,0.012,mid,richardson,1.0,1.0085937499999997,0.09581280916997337,0.9635351562499995,1.0608072916666667,0.008593749999999734,0.15390625000000002,0.9441624365482251
qft,depolar,0.012,mid,linear,1.0,0.9523437500000005,0.03316029031654157,0.933807508680556,0.9675368923611115,0.04765624999999951,0.15390625000000002,0.6903553299492418
qft,depolar,0.018,mid,richardson,1.0,0.9412760416666662,0.15709968623434836,0.8654817708333326,1.021748046875,0.05872395833333377,0.22187500000000004,0.7353286384976506
qft,depolar,0.018,mid,linear,1.0,0.9014322916666669,0.03276130679103397,0.8854144965277779,0.9179698350694446,0.09856770833333306,0.22187500000000004,0.5557511737089215
qft,depolar,0.024,mid,richardson,1.0,0.9592447916666667,0.12949256391871755,0.8874934895833333,1.0178645833333333,0.04075520833333335,0.28841145833333337,0.8586907449209932
qft,depolar,0.024,mid,linear,1.0,0.8766059027777778,0.04009477102541244,0.8568142361111113,0.8966200086805557,0.12339409722222217,0.28841145833333337,0.5721595184349137
qft,depolar,0.03,mid,richardson,1.0,1.0058593750000004,0.10935872274713851,0.9516894531250001,1.0631510416666674,0.005859375000000444,0.3510416666666667,0.983308605341245
qft,depolar,0.03,mid,linear,1.0,0.832855902777778,0.017774696082998896,0.8233506944444448,0.8415798611111112,0.167144097222222,0.3510416666666667,0.5238625123639967
qft,depolar,0.036,mid,richardson,1.0,0.9360677083333336,0.15851783041905423,0.8520833333333335,1.0132877604166675,0.06393229166666636,0.3984375,0.8395424836601315
qft,depolar,0.036,mid,linear,1.0,0.7510850694444448,0.04336586972407165,0.730119357638889,0.7738292100694446,0.24891493055555525,0.3984375,0.3752723311546849
qft,depolar,0.042,mid,richardson,1.0,0.9230468750000005,0.19785172317162023,0.8257714843749997,1.0234505208333342,0.07695312499999951,0.451171875,0.8294372294372305
qft,depolar,0.042,mid,linear,1.0,0.7160590277777781,0.03306186476903823,0.6997764756944447,0.7328135850694445,0.2839409722222219,0.451171875,0.3706589706589713
qft,depolar,0.048,mid,richardson,1.0,0.9360677083333341,0.16140182983083928,0.8509082031250005,1.0110774739583344,0.06393229166666592,0.49973958333333335,0.8720687858259525
qft,depolar,0.048,mid,linear,1.0,0.6618055555555558,0.04797599424528169,0.6376714409722222,0.6855067274305556,0.33819444444444424,0.49973958333333335,0.3232586416536395
qft,depolar,0.06,high,richardson,1.0,0.8488281250000009,0.1384227883219486,0.782552083333334,0.9196744791666676,0.15117187499999907,0.5727864583333333,0.7360763809956824
qft,depolar,0.06,high,linear,1.0,0.5691840277777779,0.03631736345814926,0.5514322916666667,0.5874598524305558,0.4308159722222221,0.5727864583333333,0.24785936197620684
qft,depolar,0.075,high,richardson,1.0,0.776171875000001,0.092350116990034,0.7294205729166675,0.823701171875001,0.22382812499999905,0.6680989583333333,0.6649775872149692
qft,depolar,0.075,high,linear,1.0,0.45950520833333336,0.034746519276783,0.44148980034722224,0.476476779513889,0.5404947916666667,0.6680989583333333,0.1909959072305593
qft,depolar,0.09,high,richardson,1.0,0.5821614583333339,0.10679496678474894,0.5282552083333338,0.6362011718750007,0.4178385416666661,0.7233072916666667,0.4223222322232231
qft,depolar,0.09,high,linear,1.0,0.3786024305555556,0.040905500492996814,0.3585069444444446,0.40004557291666665,0.6213975694444445,0.7233072916666667,0.14089408940894096
qft,depolar,0.105,high,richardson,1.0,0.5256510416666674,0.2014982267248625,0.4234212239583338,0.6252799479166676,0.47434895833333257,0.7903645833333334,0.399835255354202
qft,depolar,0.105,high,linear,1.0,0.3088107638888889,0.04674561780323307,0.2852419704861111,0.3323361545138889,0.6911892361111112,0.7903645833333334,0.12548050521691376
qft,depolar,0.12,high,richardson,1.0,0.39153645833333395,0.19781195832162154,0.29686197916666696,0.49246419270833414,0.608463541666666,0.8395833333333333,0.2752791563275442
qft,depolar,0.12,high,linear,1.0,0.22894965277777782,0.05334605736302007,0.20298936631944453,0.25600477430555546,0.7710503472222222,0.8395833333333333,0.08162737799834577
qft,depolar,0.135,high,richardson,1.0,0.39466145833333405,0.14577077341180744,0.3193912760416671,0.4679882812500008,0.6053385416666659,0.8631510416666667,0.2986875848544284
qft,depolar,0.135,high,linear,1.0,0.1799479166666667,0.032661967313624814,0.16254231770833336,0.19605360243055556,0.8200520833333333,0.8631510416666667,0.04993211645798762
qft,depolar,0.15,high,richardson,1.0,0.2617187500000004,0.15662552530089527,0.18527669270833358,0.34153971354166723,0.7382812499999996,0.9036458333333334,0.18299711815562011
qft,depolar,0.15,high,linear,1.0,0.16653645833333333,0.03646623798236947,0.14839409722222224,0.18485351562500005,0.8334635416666667,0.9036458333333334,0.0776657060518732
qft,combined,0.001,low,richardson,1.0,0.8721354166666663,0.0719777722368551,0.834889322916666,0.9112011718749997,0.12786458333333373,0.12031250000000004,-0.06277056277056564
qft,combined,0.001,low,linear,1.0,0.8823784722222225,0.02306521783916169,0.8704394531250004,0.8934906684027781,0.11762152777777746,0.12031250000000004,0.022366522366525393
qft,combined,0.002333,low,richardson,1.0,0.8783854166666656,0.0762585199873415,0.8408854166666655,0.9183626302083325,0.12161458333333441,0.138671875,0.12300469483567296
qft,combined,0.002333,low,linear,1.0,0.8770833333333337,0.019532986033957544,0.8664485677083337,0.8861979166666669,0.12291666666666634,0.138671875,0.11361502347418075
qft,combined,0.003667,low,richardson,1.0,0.838541666666666,0.05891261616424776,0.8091145833333327,0.8678417968749994,0.16145833333333404,0.15585937500000002,-0.035923141186303444
qft,combined,0.003667,low,linear,1.0,0.8796440972222227,0.022405504344954395,0.8695746527777782,0.8923187934027781,0.1203559027777773,0.15585937500000002,0.22779170147591515
qft,combined,0.005,low,richardson,1.0,0.8882812499999998,0.0623704712471678,0.8561197916666662,0.9192708333333331,0.1117187500000002,0.1733072916666667,0.35537190082644526
qft,combined,0.005,low,linear,1.0,0.8749565972222226,0.02846421540111105,0.8606325954861116,0.8891937934027783,0.12504340277777737,0.1733072916666667,0.27848735286752063
qft,combined,0.006333,low,richardson,1.0,0.8583333333333328,0.10396513708321989,0.8009114583333327,0.9108072916666664,0.14166666666666716,0.19153645833333333,0.2603670972127778
qft,combined,0.006333,low,linear,1.0,0.8690972222222225,0.02924664546950868,0.8532541232638893,0.882772352430556,0.13090277777777748,0.19153645833333333,0.31656469521867364
qft,combined,0.007667,low,richardson,1.0,0.8963541666666663,0.10000678145408752,0.8449218749999996,0.9485677083333331,0.10364583333333366,0.21302083333333333,0.5134474327628347
qft,combined,0.007667,low,linear,1.0,0.8723524305555558,0.02539170077255703,0.8594607204861114,0.8851573350694446,0.12764756944444422,0.21302083333333333,0.4007742461287704
qft,combined,0.009,low,richardson,1.0,0.9302083333333332,0.127462852235806,0.8691276041666663,0.9940364583333332,0.06979166666666681,0.21979166666666672,0.6824644549763027
qft,combined,0.009,low,linear,1.0,0.8524739583333337,0.02988538913334778,0.8369346788194447,0.8672753906250001,0.14752604166666627,0.21979166666666672,0.32879146919431473
qft,combined,0.012,mid,richardson,1.0,0.9140624999999998,0.12100130880189258,0.8575358072916663,0.9812662760416666,0.08593750000000022,0.25911458333333337,0.6683417085427128
qft,combined,0.012,mid,linear,1.0,0.8496527777777781,0.0367520309019071,0.831727430555556,0.8686241319444445,0.15034722222222185,0.25911458333333337,0.4197654941373549
qft,combined,0.018,mid,richardson,1.0,0.9108072916666665,0.15147768424353733,0.8374837239583334,0.9897135416666667,0.08919270833333348,0.31914062499999996,0.7205222358221129
qft,combined,0.018,mid,linear,1.0,0.8062934027777781,0.04390542278228685,0.785023871527778,0.8289952256944445,0.19370659722222194,0.31914062499999996,0.3930368557051552
qft,combined,0.024,mid,richardson,1.0,0.8828125000000001,0.13550615532702018,0.8151041666666666,0.9488281250000002,0.11718749999999989,0.37174479166666663,0.6847635726795099
qft,combined,0.024,mid,linear,1.0,0.7808593750000001,0.03683829780520784,0.7616731770833336,0.8003038194444445,0.21914062499999987,0.37174479166666663,0.4105078809106833
qft,combined,0.03,mid,richardson,1.0,0.7881510416666667,0.11724795894116084,0.7279947916666667,0.8441536458333334,0.21184895833333328,0.42161458333333335,0.4975293390982089
qft,combined,0.03,mid,linear,1.0,0.7211371527777778,0.03482974887206521,0.7042469618055556,0.7386284722222224,0.2788628472222222,0.42161458333333335,0.33858348774963976
qft,combined,0.036,mid,richardson,1.0,0.8233072916666669,0.13129468691979956,0.75572265625,0.8931054687500006,0.17669270833333306,0.47109375,0.6249309010503046
qft,combined,0.036,mid,linear,1.0,0.6793836805555558,0.036548025420444885,0.6621950954861113,0.6993532986111112,0.32061631944444424,0.47109375,0.31942141146121283
qft,combined,0.042,mid,richardson,1.0,0.7665364583333337,0.15184189954224545,0.6930826822916668,0.8427115885416672,0.23346354166666627,0.515234375,0.5468789486985097
qft,combined,0.042,mid,linear,1.0,0.635980902777778,0.049468238620205295,0.6123632812500001,0.6607649739583333,0.36401909722222203,0.515234375,0.2934883329121392
qft,combined,0.048,mid,richardson,1.0,0.8261718750000004,0.15720573587476766,0.7498665364583336,0.9115917968750008,0.17382812499999956,0.5529947916666667,0.6856604662114442
qft,combined,0.048,mid,linear,1.0,0.614279513888889,0.04040856885097167,0.5944444444444447,0.6341579861111112,0.385720486111111,0.5529947916666667,0.302488030766816
qft,combined,0.06,high,richardson,1.0,0.7756510416666677,0.1504656310972482,0.7002604166666673,0.8494856770833346,0.22434895833333235,0.6184895833333333,0.6372631578947384
qft,combined,0.06,high,linear,1.0,0.5175781250000001,0.041020102819944206,0.49544162326388885,0.5378938802083333,0.4824218749999999,0.6184895833333333,0.22000000000000008
qft,combined,0.075,high,richardson,1.0,0.6449218750000006,0.13306922185836087,0.5833235677083338,0.7153645833333341,0.35507812499999936,0.716015625,0.5040916530278242
qft,combined,0.075,high,linear,1.0,0.41349826388888894,0.03554780239768392,0.39526909722222225,0.43047200520833345,0.5865017361111111,0.716015625,0.18088137237073412
qft,combined,0.09,high,richardson,1.0,0.6083333333333342,0.10015264093644859,0.5542871093750007,0.6563899739583345,0.39166666666666583,0.7712239583333333,0.49214924869154253
qft,combined,0.09,high,linear,1.0,0.30868055555555557,0.058390787884398374,0.27933268229166675,0.3398914930555556,0.6913194444444444,0.7712239583333333,0.10360740615679002
qft,combined,0.105,high,richardson,1.0,0.4977864583333341,0.1328639350973998,0.4354134114583338,0.5678385416666676,0.5022135416666659,0.8158854166666667,0.3844557931694871
qft,combined,0.105,high,linear,1.0,0.27543402777777787,0.04858793160156823,0.25047634548611114,0.2999131944444445,0.7245659722222222,0.8158854166666667,0.1119268007234813
qft,combined,0.12,high,richardson,1.0,0.3391927083333338,0.14264618571502452,0.267965494791667,0.41106770833333395,0.6608072916666662,0.858984375,0.23071092921024766
qft,combined,0.12,high,linear,1.0,0.19960937500000003,0.0660272237372603,0.16861653645833335,0.23624348958333335,0.8003906249999999,0.858984375,0.06821282401091418
qft,combined,0.135,high,richardson,1.0,0.3046875000000005,0.1472005064361268,0.23397135416666692,0.37996093750000065,0.6953124999999996,0.8966145833333333,0.2245135056636659
qft,combined,0.135,high,linear,1.0,0.1842013888888889,0.03829576405064416,0.16523437500000002,0.20321289062500003,0.8157986111111111,0.8966145833333333,0.09013457256268761
qft,combined,0.15,high,richardson,1.0,0.24895833333333375,0.1926192784093294,0.15064453125000007,0.3470084635416673,0.7510416666666663,0.8984375,0.16405797101449318
qft,combined,0.15,high,linear,1.0,0.12400173611111115,0.035543032666099206,0.10529296875000003,0.14175455729166667,0.8759982638888888,0.8984375,0.024975845410628125
depth_d5,depolar,0.001,low,richardson,-0.567578125,-0.5160156249999994,0.06912775009598789,-0.5527343749999996,-0.48020507812499924,0.05156250000000062,0.04010416666666672,-0.2857142857142996
depth_d5,depolar,0.001,low,linear,-0.567578125,-0.5347656250000001,0.05273024889550755,-0.5617632378472224,-0.5075520833333335,0.03281249999999991,0.04010416666666672,0.1818181818181851
depth_d5,depolar,0.002333,low,richardson,-0.548046875,-0.5554687499999997,0.09865839963078878,-0.6070377604166666,-0.5040332031249994,0.007421874999999689,0.03515625,0.7888888888888977
depth_d5,depolar,0.002333,low,linear,-0.548046875,-0.5260416666666669,0.037217723770719933,-0.5445323350694447,-0.5063335503472224,0.022005208333333193,0.03515625,0.37407407407407806
depth_d5,depolar,0.003667,low,richardson,-0.54609375,-0.5450520833333331,0.11398949456841148,-0.6032649739583332,-0.4912760416666662,0.0010416666666669405,0.05013020833333337,0.9792207792207738
depth_d5,depolar,0.003667,low,linear,-0.54609375,-0.5497829861111113,0.027239038372673524,-0.5639756944444446,-0.535588107638889,0.0036892361111112715,0.05013020833333337,0.9264069264069232
depth_d5,depolar,0.005,low,richardson,-0.54140625,-0.5533854166666663,0.12651399747917147,-0.616689453125,-0.4886588541666664,0.011979166666666319,0.048828125,0.7546666666666738
depth_d5,depolar,0.005,low,linear,-0.54140625,-0.5381510416666669,0.04476579416699339,-0.5597656250000003,-0.5154513888888891,0.0032552083333330373,0.048828125,0.9333333333333393
depth_d5,depolar,0.006333,low,richardson,-0.537890625,-0.5692708333333331,0.1036834495182,-0.6184928385416668,-0.5131510416666665,0.031380208333333104,0.06562499999999993,0.5218253968253999
depth_d5,depolar,0.006333,low,linear,-0.537890625,-0.5460069444444445,0.04192335394329226,-0.5661024305555558,-0.5250412326388889,0.008116319444444575,0.06562499999999993,0.8763227513227492
depth_d5,depolar,0.007667,low,richardson,-0.548046875,-0.5325520833333333,0.12198443159538601,-0.5916666666666668,-0.4690039062499998,0.015494791666666785,0.08867187500000007,0.8252569750367095
depth_d5,depolar,0.007667,low,linear,-0.548046875,-0.5263454861111112,0.029926081512572665,-0.5394097222222224,-0.5098513454861113,0.02170138888888884,0.08867187500000007,0.7552618697993154
depth_d5,depolar,0.009,low,richardson,-0.554296875,-0.5871093749999999,0.1374733638973385,-0.6602897135416667,-0.5199153645833331,0.03281249999999991,0.10091145833333337,0.6748387096774203
depth_d5,depolar,0.009,low,linear,-0.554296875,-0.518967013888889,0.027860594319006483,-0.5330794270833336,-0.5053363715277779,0.03532986111111103,0.10091145833333337,0.6498924731182806
depth_d5,depolar,0.012,mid,richardson,-0.53984375,-0.5497395833333332,0.13518083430875025,-0.6157552083333334,-0.4854069010416665,0.009895833333333215,0.10820312499999996,0.9085439229843573
depth_d5,depolar,0.012,mid,linear,-0.53984375,-0.5083767361111112,0.042804601937179415,-0.529169921875,-0.4861534288194446,0.03146701388888873,0.10820312499999996,0.7091857200160463
depth_d5,depolar,0.018,mid,richardson,-0.53203125,-0.5579427083333335,0.11788565183991767,-0.6214876302083335,-0.5002571614583334,0.025911458333333526,0.16249999999999998,0.8405448717948706
depth_d5,depolar,0.018,mid,linear,-0.53203125,-0.46618923611111124,0.04248628726160766,-0.4865093315972223,-0.44504991319444454,0.06584201388888872,0.16249999999999998,0.5948183760683771
depth_d5,depolar,0.024,mid,richardson,-0.52734375,-0.5333333333333335,0.11094361289887603,-0.5936197916666671,-0.4768164062500001,0.005989583333333548,0.18125000000000002,0.9669540229885045
depth_d5,depolar,0.024,mid,linear,-0.52734375,-0.4365451388888889,0.053124290799550895,-0.46245768229166684,-0.4102788628472223,0.0907986111111111,0.18125000000000002,0.4990421455938699
depth_d5,depolar,0.03,mid,richardson,-0.535546875,-0.522916666666667,0.14215112763572357,-0.5927148437500007,-0.44843750000000004,0.012630208333332948,0.23971354166666664,0.9473112438891923
depth_d5,depolar,0.03,mid,linear,-0.535546875,-0.3914496527777779,0.053431164059711926,-0.41857747395833356,-0.36510416666666673,0.1440972222222221,0.23971354166666664,0.39887742169111035
depth_d5,depolar,0.036,mid,richardson,-0.558984375,-0.4360677083333336,0.13977147418432648,-0.5095214843750006,-0.3687467447916667,0.1229166666666664,0.28971354166666663,0.5757303370786525
depth_d5,depolar,0.036,mid,linear,-0.558984375,-0.3472222222222223,0.04200348528216162,-0.3679275173611112,-0.3264290364583334,0.21176215277777766,0.28971354166666663,0.26906367041198537
depth_d5,depolar,0.042,mid,richardson,-0.565234375,-0.44817708333333367,0.11773065676038967,-0.5100260416666671,-0.3908821614583336,0.11705729166666629,0.3373697916666666,0.6530297182555008
depth_d5,depolar,0.042,mid,linear,-0.565234375,-0.3360677083333334,0.0413987425496631,-0.3556857638888889,-0.31397569444444445,0.22916666666666657,0.3373697916666666,0.32072558857583955
depth_d5,depolar,0.048,mid,richardson,-0.55234375,-0.4033854166666671,0.13964295893002535,-0.47501302083333397,-0.3374967447916668,0.14895833333333292,0.33958333333333335,0.5613496932515349
depth_d5,depolar,0.048,mid,linear,-0.55234375,-0.3045138888888889,0.04988722150320073,-0.3290006510416667,-0.27773111979166665,0.2478298611111111,0.33958333333333335,0.2701942740286299
depth_d5,depolar,0.06,high,richardson,-0.546484375,-0.32695312500000034,0.19791084147129284,-0.4234570312500006,-0.22434244791666677,0.21953124999999968,0.3798177083333334,0.42200891326705614
depth_d5,depolar,0.06,high,linear,-0.546484375,-0.2400607638888889,0.050809324207830235,-0.26749348958333335,-0.21375651041666674,0.30642361111111116,0.3798177083333334,0.19323505885041709
depth_d5,depolar,0.075,high,richardson,-0.54296875,-0.2503906250000003,0.13140182191310532,-0.3175813802083339,-0.18528320312500016,0.2925781249999997,0.419140625,0.30195712954333714
depth_d5,depolar,0.075,high,linear,-0.54296875,-0.17504340277777777,0.059006008547067786,-0.20265299479166665,-0.14322808159722222,0.36792534722222225,0.419140625,0.1221911566739152
depth_d5,depolar,0.09,high,richardson,-0.54296875,-0.22825520833333374,0.07002932948306191,-0.2654947916666671,-0.19283528645833364,0.31471354166666626,0.4565104166666667,0.3106103822019405
depth_d5,depolar,0.09,high,linear,-0.54296875,-0.10750868055555557,0.043569471562524775,-0.1279969618055556,-0.08406684027777782,0.43546006944444443,0.4565104166666667,0.046111428028142325
depth_d5,depolar,0.105,high,richardson,-0.552734375,-0.16783854166666692,0.12774386485730205,-0.22864583333333377,-0.10389322916666682,0.3848958333333331,0.48203125,0.20151269584008696
depth_d5,depolar,0.105,high,linear,-0.552734375,-0.08763020833333333,0.04967341257319318,-0.11037326388888889,-0.06032769097222225,0.46510416666666665,0.48203125,0.03511615343057814
depth_d5,depolar,0.12,high,richardson,-0.531640625,-0.1343750000000002,0.1138795264719662,-0.19297526041666704,-0.07721028645833333,0.3972656249999998,0.4911458333333333,0.1911452810180279
depth_d5,depolar,0.12,high,linear,-0.531640625,-0.08320312499999999,0.04960305214518614,-0.10907769097222221,-0.05772569444444446,0.4484375,0.4911458333333333,0.08695652173913036
depth_d5,depolar,0.135,high,richardson,-0.540625,-0.15755208333333362,0.10927186978178652,-0.21588867187500047,-0.09947916666666683,0.38307291666666643,0.50625,0.24331275720164652
depth_d5,depolar,0.135,high,linear,-0.540625,-0.04088541666666667,0.03481232883003667,-0.05872721354166666,-0.023089192708333345,0.49973958333333335,0.50625,0.012860082304526677
depth_d5,depolar,0.15,high,richardson,-0.53046875,-0.03776041666666673,0.13952963635996177,-0.10742838541666691,0.029970703124999994,0.4927083333333333,0.5071614583333334,0.028498074454428885
depth_d5,depolar,0.15,high,linear,-0.53046875,-0.02643229166666667,0.04602933646641231,-0.05151909722222223,-0.004552951388888914,0.5040364583333333,0.5071614583333334,0.006161745827984683
depth_d5,combined,0.001,low,richardson,-0.52734375,-0.46914062499999953,0.11488006086965975,-0.527220052083333,-0.40872395833333275,0.058203125000000466,0.04453125000000002,-0.30701754385965896
depth_d5,combined,0.001,low,linear,-0.52734375,-0.49913194444444464,0.0263455218629631,-0.5121538628472224,-0.48606770833333357,0.028211805555555358,0.04453125000000002,0.3664717348927923
depth_d5,combined,0.002333,low,richardson,-0.531640625,-0.46093749999999944,0.09530236028715224,-0.5123763020833332,-0.41366861979166586,0.07070312500000053,0.07760416666666664,0.08892617449663713
depth_d5,combined,0.002333,low,linear,-0.531640625,-0.47751736111111137,0.0468345134441117,-0.5019986979166668,-0.4552506510416668,0.054123263888888606,0.07760416666666664,0.30257270693512645
depth_d5,combined,0.003667,low,richardson,-0.53984375,-0.4596354166666663,0.10597550582187126,-0.5122428385416664,-0.40584635416666615,0.08020833333333366,0.08164062499999997,0.017543859649118417
depth_d5,combined,0.003667,low,linear,-0.53984375,-0.48745659722222245,0.03975618631009311,-0.5093315972222223,-0.46809787326388913,0.0523871527777775,0.08164062499999997,0.358320042530572
depth_d5,combined,0.005,low,richardson,-0.5546875,-0.5881510416666667,0.09050893549541916,-0.6339876302083336,-0.5425748697916665,0.03346354166666665,0.09596354166666665,0.6512890094979649
depth_d5,combined,0.005,low,linear,-0.5546875,-0.46558159722222237,0.03177178201376573,-0.48190212673611127,-0.4489127604166668,0.08910590277777763,0.09596354166666665,0.07146087743102804
depth_d5,combined,0.006333,low,richardson,-0.533203125,-0.4460937499999995,0.1284730726792424,-0.5096386718749998,-0.37864257812499935,0.08710937500000049,0.08932291666666664,0.024781341107865968
depth_d5,combined,0.006333,low,linear,-0.533203125,-0.5028211805555557,0.03524749176718395,-0.5204014756944446,-0.4855447048611112,0.03038194444444431,0.08932291666666664,0.6598639455782327
depth_d5,combined,0.007667,low,richardson,-0.519140625,-0.5777343750000001,0.155996213166011,-0.6527376302083335,-0.4964615885416667,0.05859375000000011,0.10065104166666666,0.4178525226390674
depth_d5,combined,0.007667,low,linear,-0.519140625,-0.5084635416666669,0.048669592178645284,-0.530773654513889,-0.48194227430555564,0.01067708333333317,0.10065104166666666,0.8939197930142319
depth_d5,combined,0.009,low,richardson,-0.532421875,-0.5036458333333332,0.10687209375109637,-0.5601595052083334,-0.4541601562499997,0.028776041666666807,0.11783854166666669,0.7558011049723745
depth_d5,combined,0.009,low,linear,-0.532421875,-0.4714843750000002,0.03749020295442072,-0.48975694444444445,-0.4521267361111113,0.06093749999999987,0.11783854166666669,0.4828729281767968
depth_d5,combined,0.012,mid,richardson,-0.544921875,-0.4584635416666665,0.10898943076186435,-0.51484375,-0.40078124999999964,0.08645833333333353,0.153125,0.4353741496598627
depth_d5,combined,0.012,mid,linear,-0.544921875,-0.47769097222222245,0.05084434885580689,-0.503820529513889,-0.4524674479166669,0.06723090277777755,0.153125,0.5609410430839018
depth_d5,combined,0.018,mid,richardson,-0.558203125,-0.5417968750000001,0.13309329997184663,-0.6109375000000004,-0.4740852864583333,0.016406249999999956,0.1955729166666667,0.9161118508655129
depth_d5,combined,0.018,mid,linear,-0.558203125,-0.4377604166666667,0.04946077417658347,-0.4613292100694445,-0.4121495225694446,0.12044270833333331,0.1955729166666667,0.3841544607190415
depth_d5,combined,0.024,mid,richardson,-0.541015625,-0.49843750000000026,0.09662265521087722,-0.5487011718750003,-0.45247395833333354,0.042578124999999745,0.24010416666666667,0.8226681127982657
depth_d5,combined,0.024,mid,linear,-0.541015625,-0.41019965277777787,0.04354326222599354,-0.4316427951388889,-0.3884516059027778,0.13081597222222213,0.24010416666666667,0.4551699204627625
depth_d5,combined,0.03,mid,richardson,-0.536328125,-0.4273437500000002,0.10948933755878963,-0.4841276041666671,-0.3740885416666668,0.10898437499999986,0.25000000000000006,0.5640625000000007
depth_d5,combined,0.03,mid,linear,-0.536328125,-0.3758680555555556,0.03193836983682353,-0.39214952256944446,-0.3604134114583334,0.16046006944444446,0.25000000000000006,0.3581597222222223
depth_d5,combined,0.036,mid,richardson,-0.551953125,-0.4639322916666669,0.11649287767518327,-0.519010416666667,-0.40273437500000014,0.08802083333333316,0.304296875,0.7107402652973904
depth_d5,combined,0.036,mid,linear,-0.551953125,-0.3163194444444445,0.0465494741080676,-0.3419292534722223,-0.29422417534722234,0.23563368055555556,0.304296875,0.22564541434888039
depth_d5,combined,0.042,mid,richardson,-0.555859375,-0.4552083333333338,0.14408268417291634,-0.5286490885416674,-0.3803222656250003,0.10065104166666622,0.3330729166666667,0.6978107896794384
depth_d5,combined,0.042,mid,linear,-0.555859375,-0.29522569444444446,0.038560772838719976,-0.31506401909722226,-0.27647460937500007,0.2606336805555556,0.3330729166666667,0.2174876205368778
depth_d5,combined,0.048,mid,richardson,-0.545703125,-0.4343750000000005,0.1300255227099268,-0.5022200520833341,-0.3679394531250005,0.11132812499999944,0.35859374999999993,0.6895424836601322
depth_d5,combined,0.048,mid,linear,-0.545703125,-0.27960069444444446,0.04972859886951061,-0.3062065972222222,-0.25750868055555565,0.2661024305555555,0.35859374999999993,0.25792786250302596
depth_d5,combined,0.06,high,richardson,-0.558203125,-0.2852864583333335,0.17231015384112924,-0.3730468750000005,-0.2003776041666667,0.27291666666666653,0.4100260416666667,0.3343918704350591
depth_d5,combined,0.06,high,linear,-0.558203125,-0.21414930555555556,0.040086736005786355,-0.23355251736111116,-0.19434787326388894,0.34405381944444446,0.4100260416666667,0.16089763946226313
depth_d5,combined,0.075,high,richardson,-0.56328125,-0.3091145833333338,0.15595099428781392,-0.3829492187500007,-0.22812174479166694,0.25416666666666615,0.4451822916666666,0.42907282831237314
depth_d5,combined,0.075,high,linear,-0.56328125,-0.17790798611111117,0.04103144444339605,-0.19804687499999998,-0.15742078993055558,0.3853732638888888,0.4451822916666666,0.13434727503168575
depth_d5,combined,0.09,high,richardson,-0.549609375,-0.17773437500000017,0.10064186097090796,-0.22565755208333366,-0.12864257812500007,0.3718749999999998,0.45833333333333326,0.18863636363636396
depth_d5,combined,0.09,high,linear,-0.549609375,-0.11189236111111112,0.04101656653093353,-0.13316514756944442,-0.09144856770833334,0.43771701388888884,0.45833333333333326,0.04498106060606056
depth_d5,combined,0.105,high,richardson,-0.51640625,-0.1574218750000002,0.1278420401885993,-0.22839518229166716,-0.09426432291666671,0.35898437499999974,0.45234374999999993,0.20639032815198663
depth_d5,combined,0.105,high,linear,-0.51640625,-0.07686631944444447,0.05366756543586532,-0.10234700520833336,-0.04830729166666668,0.4395399305555555,0.45234374999999993,0.02830550758011893
depth_d5,combined,0.12,high,richardson,-0.533984375,-0.10598958333333354,0.13133070951832593,-0.17356770833333368,-0.042574869791666685,0.42799479166666643,0.49244791666666665,0.1308831306187207
depth_d5,combined,0.12,high,linear,-0.533984375,-0.07131076388888889,0.0285310463226135,-0.08494140625000002,-0.05615451388888894,0.46267361111111105,0.49244791666666665,0.06046183677066817
depth_d5,combined,0.135,high,richardson,-0.54453125,-0.08372395833333342,0.1015020519898971,-0.1375065104166669,-0.03631835937500001,0.4608072916666666,0.511328125,0.09880315762668718
depth_d5,combined,0.135,high,linear,-0.54453125,-0.04231770833333334,0.038828873115790134,-0.06193684895833334,-0.023696831597222228,0.5022135416666667,0.511328125,0.017825311942959072
depth_d5,combined,0.15,high,richardson,-0.5375,-0.07291666666666684,0.0992337860435385,-0.12330729166666697,-0.0252343750000002,0.4645833333333331,0.5264322916666666,0.11748701459312422
depth_d5,combined,0.15,high,linear,-0.5375,-0.016796875000000003,0.04987630732384597,-0.04192708333333333,0.00842122395833332,0.5207031249999999,0.5264322916666666,0.010883007667573599
